{
  "bicubic_energy_mae": 21.290832363460517,
  "bicubic_energy_ratio_mean": 1.0849564462808376,
  "bicubic_psnr": {
    "mean": 44.278827853165076,
    "median": 44.49598871187993,
    "std": 2.1427022655707306
  },
  "bicubic_radial_profile_l1_mean": 0.0013161987299099565,
  "bicubic_ssim": {
    "mean": 0.9934482775206888,
    "median": 0.9950808629022128,
    "std": 0.005001578128373495
  },
  "checkpoint": "super_resolution/runs/ablation_no_energy/checkpoint_best.pt",
  "energy_mae": 153.26971700278432,
  "energy_ratio_bias_flag": "low_bias",
  "energy_ratio_mean": 0.3936198421525818,
  "linear_probe_bicubic": 0.5547183351273771,
  "linear_probe_hr": 0.5575888051668461,
  "linear_probe_sr": 0.5888051668460711,
  "n_test": 13932,
  "psnr": {
    "mean": 44.07972030246678,
    "median": 44.184543765580685,
    "std": 2.446398015058102
  },
  "radial_profile_l1_mean": 0.012416798621416092,
  "ssim": {
    "mean": 0.9923336659582384,
    "median": 0.9943446423217837,
    "std": 0.006060617882099567
  }
}
