{
  "bicubic_energy_mae": 21.290832363460517,
  "bicubic_energy_ratio_mean": 1.0849564462808376,
  "bicubic_psnr": {
    "mean": 44.278827853165076,
    "median": 44.49598871187993,
    "std": 2.1427022655707306
  },
  "bicubic_radial_profile_l1_mean": 0.0013161987299099565,
  "bicubic_ssim": {
    "mean": 0.9934482775206888,
    "median": 0.9950808629022128,
    "std": 0.005001578128373495
  },
  "checkpoint": "runs/full_run/checkpoint_best.pt",
  "energy_mae": 1.2038643076061826,
  "energy_ratio_bias_flag": "good",
  "energy_ratio_mean": 1.0030384807564816,
  "linear_probe_bicubic": 0.5547183351273771,
  "linear_probe_hr": 0.5575888051668461,
  "linear_probe_sr": 0.5590240401865806,
  "n_test": 13932,
  "psnr": {
    "mean": 44.280197071332715,
    "median": 44.501809811150984,
    "std": 2.1220066008367806
  },
  "radial_profile_l1_mean": 0.00040188635466620326,
  "ssim": {
    "mean": 0.9934670098623972,
    "median": 0.9950875470553,
    "std": 0.004940515721270409
  }
}
